{"cameraMode":{"drawMode":0,"name":"Shaded","section":"Shading Mode"},"sceneLighting":false,"audioPlay":false,"sceneViewState":{"showFog":true,"showMaterialUpdate":false,"showSkybox":true,"showFlares":true,"showImageEffects":true,"showParticleSystems":true},"in2DMode":false,"pivot":{"x":1.1654272079467774,"y":2.8405323028564455,"z":5.948370933532715},"rotation":{"x":0.2848849296569824,"y":0.30498579144477847,"z":-0.09614995867013931,"w":0.9036487936973572},"size":145.5695343017578,"orthographic":false}